{"version":6,"hash":{"type":"Buffer","data":"k/DfBAQ6FUzUox9uZhhewvEaLysJhHMM4OLs2Bi+HJFgFFlfq4doc+RCJ/A7TBbqRTeERgltcixYrX9/+NhDPo0uhOcpUUjKCjRNMCtjwhc6JY1G7d8uMy+fv/583D+fs9ZO04vlPR0LAzT0AEVcYxNryWFAiVP5PNNcx8NKL6s="},"indexValueMap":{"Ai4SJorYU4t6H6Sb4lH6CmEHGAmuz2Jw2ZxDRSX50rs=":{"valueMac":{"type":"Buffer","data":"tZtWpwamUwHbYsVnWd3bGglxELBxewGca0xEEGTS8AU="}},"A0glrEOLTnItqOiZ6EMPHEiF0N+mauk5mSK9wNRaWTY=":{"valueMac":{"type":"Buffer","data":"46iY6OBiWebds2EtirSZxyAWcLqYJF43fNfFzHFq+mg="}},"A4FiEgsJJDQHTp1Q+yys6KFuWpjInCs+mWA2XxtWXAw=":{"valueMac":{"type":"Buffer","data":"ixH4G+j7a8uDeTXY17XQi3TMuO5qjGTH0zBINU0bjIk="}},"BJfknGrgHKN2D8z1dOzWJKlUogpeG9g1lQtsNkMI2gY=":{"valueMac":{"type":"Buffer","data":"WaTaOvtCr0L+YUCD1LnriY7p8ympZcViVYw+qCJEmTU="}},"BTMIcyR4BBV735OMwgtWf2RQOsS/vpz7E/oyZalyFnM=":{"valueMac":{"type":"Buffer","data":"76oGG5qawfWXbbKmUHBVeJLW2GjmzKtrDdsXp4cmziQ="}},"BUr75OEYErn6Ej4+FC6JWSdpBPTp6oDbkfpLf+tgneE=":{"valueMac":{"type":"Buffer","data":"m66onvwQyHTdh1n0ncj5de0RqfVMCGV9/MaXWqCCO68="}},"BdctAYgC/mqJaCouByLSDDQuT852HMsQuWm911cxm3A=":{"valueMac":{"type":"Buffer","data":"psJ6PtQKqoz4N3+sxSKNEXEaeQZRNyJChP3FP+Hhric="}},"B3kTURwO8q2ZzlhQ7XElhS27/EAD0Kg6cm56VOHeuRs=":{"valueMac":{"type":"Buffer","data":"QlptGp1XR0VAeSu7VtrSBBS5PiqlRmZsmxzQRkrkiV4="}},"CIbdwgFLcZZR13DAr2b2hv7but3NhkesKLUhABjx9L8=":{"valueMac":{"type":"Buffer","data":"Rwl1YZezWaLKHtOZ6OgI9qg7iNlP9ap5eG+uhxnTC24="}},"CRkXU46CgD52dUvqHiK2HrHVKpHnK1ShMkCG+bpmGv4=":{"valueMac":{"type":"Buffer","data":"c5993NzGvF9doNTYOvDJd4EY6fpguJ3FCWipCG0Y66k="}},"CndRqFbfYobarnl2buWq72vwf2U7r+gtisghMRAEAy0=":{"valueMac":{"type":"Buffer","data":"9usG9uNY30fAxleH6VglcG48at3y4uilXJIaHNbvJgA="}},"CqTMd6xxHZpCE3ik1/EIKcsVYVhy+A/yuO3KFpVcFi0=":{"valueMac":{"type":"Buffer","data":"yoPAAHJDa4yQ/F83DuAf/RRP0wmLYhj3m79u5/mxCPc="}},"Cr23SLUiKqh/oH8zLOhLIhYWCNFnotGOPgo7lYDMGKE=":{"valueMac":{"type":"Buffer","data":"2MBqmaCgikp94XaaxbuU91EvWQafJeVtTTGA1S2EA80="}},"DC1XH4BfTgcKXCivJEGoNYxiHPXWWu/yLDRWmZv/vm0=":{"valueMac":{"type":"Buffer","data":"jUhfQjWAnOkAfYr47u0c7OjcYms8JC5hkmXsc376oy4="}},"DLvk0vbzWLZ5yqsEL4LjU8w55JnOh0r+3xqUIBpTupo=":{"valueMac":{"type":"Buffer","data":"hT8SxDwezaQ+yw5c1wBRH5cFenM8kijfLJCIOhpnbEs="}},"DP7q6DbZI3qF6Sv15u+GeyQw9NW+yXbB61Dlpm546fk=":{"valueMac":{"type":"Buffer","data":"sEpYMA6H0nscut4eKvZPhGZDcmtkNc65xQHEDI4+vI0="}},"DTLba/f3AzwVYjWG9b7Cu5eY1JLYpOiO2Dw1eDbwBBc=":{"valueMac":{"type":"Buffer","data":"BlX/7r8Cc31p/sEb5rcyU2ClyluygzX1Q6RGeXU7lI8="}},"DYB7lDCWeZwNc1jLh12MZPI8y0XpNKApfDcJoX3Oj9s=":{"valueMac":{"type":"Buffer","data":"onh1K6I0v5IPItAYdysoFoLPahztvFR6B7Y8P/0wMQM="}},"DdeuaekxjTws4Q+Lx4oibqDaCEqG2H8WJhQ35rs9/O0=":{"valueMac":{"type":"Buffer","data":"jPmaZB1w8Il+uvdUd3p0E8rPrpSpV7YSVb3B4wKusU4="}},"Do7IzNqUOfol89mQING1SGyw+GZTphnuYTlDK1hATCA=":{"valueMac":{"type":"Buffer","data":"YqkzlLQwPHImin/RfLuW/mELZqm1jGJG6FzdYzwcMxc="}},"D6pXo9OdFCYVFHPDsPcgGsBeX5AMPW8njA7j/3tim3Q=":{"valueMac":{"type":"Buffer","data":"62PXlEukdB+HemhVL1KvGz3IFcbUdqRt+TAHyiG5/Tw="}},"EGmrIyPxerzzaGumcm9uNbKEJFlESyvYcU9nqwDFoO4=":{"valueMac":{"type":"Buffer","data":"BgYKCfIafb/bnqAEBfyS1yM/ci2goB3kX6cqQoownb4="}},"EHA/tBnSxcI2r3TT4c38dtoCAf1kGOT8WUkhPSrqWBQ=":{"valueMac":{"type":"Buffer","data":"HP6vSb0IB9bc5L74kvp/exwITktS5SL6jBVMRfrZcbU="}},"EPoePDNl5K78ohEVdY1SXaZJVb3enF0cmkYKwsOU71U=":{"valueMac":{"type":"Buffer","data":"mRn/BTohRHeXdNtUATlAR+8SS4UT1JyogOv3zLaa9QI="}},"EaQOHUQa4Z0yEbvnGtYeWKTo0JGqZoByhGFbsioJiuA=":{"valueMac":{"type":"Buffer","data":"i407zTJqTmyMkmTosp53CgsSuWsoESGrxT77Mdu0TIU="}},"EgAsKe+JiPSpvweqz3g1kEjaB08ea4WBcycmUWXHV1U=":{"valueMac":{"type":"Buffer","data":"Zm+f55RbJgm9Y8fFa0TGPiRf/UbbBMyh4D9SydgBe7M="}},"EnuAM4xQCueJSeqpRftG0RvN0ggZKETMd15VRx2zt68=":{"valueMac":{"type":"Buffer","data":"Xic3H7UD8IOHGlJdBeDeDj4EB6WDT9DyxTHBnZLJkdM="}},"En2VAs9QWZzpTAoSmpJtoefnubHWUDYfqr5WGuA4nqQ=":{"valueMac":{"type":"Buffer","data":"O+PWTV4dBV9LHOoTZru/dIAMHKX9lqSBRA9LII8pJEY="}},"E/i60hOgOXMeBz3WOdZB6uIdtBB/PThyf1gZl51Mov0=":{"valueMac":{"type":"Buffer","data":"3eJHGnKOy21INEpFaT7VdWzzFQPss6fOWD5wR/fb37g="}},"FMFQzYTI5yshgsKmZh+XLeVkmWqeGBUIp3zKZxJ9Yp0=":{"valueMac":{"type":"Buffer","data":"v9/Hbs7gGCMX24Jktho8seVM5xGswHF0OmuS4fYhne4="}},"FRkbd1VlajgpQ3SKpEC3HcAwbweAe9whbQEP10Cu+UI=":{"valueMac":{"type":"Buffer","data":"ACUk4JWGEBNu2UP6D+snd9qVkhO5DIunHD9wFkStTa8="}},"FU3PWHPq8EyLz7Px0UN0zjPcRnBezVJBqHHMiKKEeuI=":{"valueMac":{"type":"Buffer","data":"SPEpWcGF4lUcLoqeBn5uoxbxhQqAOl9TzDCyYEFNdkE="}},"FU8XUpo0nhu4nogGY3BUMa30ah0MonnBFMg7z+ZfKeg=":{"valueMac":{"type":"Buffer","data":"epaV8QYew4+6ANK/FAFEtV7614WkZwnCL4yXkNeou9w="}},"FdNVyynhFjT+iFv0kiNWIdcIKYSnaEAMdlNH/AySA6c=":{"valueMac":{"type":"Buffer","data":"CLDeX6UvUuip6eYXv+rPwqIbFWXA3Xr/+wn+7/v579w="}},"FfomwBN9Z/ERjnDaIzcd626sf+pfUK3YNsXswB1imgM=":{"valueMac":{"type":"Buffer","data":"DqY51SdZjXr3GuaSjxT9ikZMPW22JBdnkA5HArZel64="}},"Fn9awJI478pQKoVt4b/Yc7Ka4vt4XI9VbCe8NUCRz3E=":{"valueMac":{"type":"Buffer","data":"75/Xw5DQfFRj7ZgCK4MHpCD16X2D7SgpHjYHs4dF1Ss="}},"Fr9xy0Ia8EEv3L9VhwwH8Nu/5dcK9dA3PaVYEx7h42o=":{"valueMac":{"type":"Buffer","data":"hd1arN2MdYlx8iYMlNzragfd6sjVy72rH/4XZfdsG1g="}},"Fu0YheYRXOSvIrZPq34QLlvc7O9Hu2LV8kAs3HklSRQ=":{"valueMac":{"type":"Buffer","data":"73WlP6B/z58swVkFeFfrarMdwkdKBXoybP5yI+jOR1I="}},"F+O7zHLpYG2fYK6cXvCeW5h7sK8b9NWaVZ0yH8ey1hM=":{"valueMac":{"type":"Buffer","data":"Ahh5ffq9QVMkIdEQzrSTtLru8KZyxh/DfPm54NfNJtU="}},"GJ94pviEub1wnaSipKs+yyP6nDRwzEUPiXuUrCsUS+k=":{"valueMac":{"type":"Buffer","data":"aSEQE0ostfZA1b/tAI5m8+G5olevPwI8Smz+RuvIIww="}},"Gfgrc7slYon/wG7q9u7f5bPMz7POoEXkjIJfly3orG0=":{"valueMac":{"type":"Buffer","data":"/q7/ua2xX56KZKLt7mo7y0KdNSnOdepMy8wuw7GSqa8="}},"HAdpD8AQOH/cdr0DpMEAXl2epuH9FU5j2/BWRJyRmhw=":{"valueMac":{"type":"Buffer","data":"f2vyNT8njot7C9VWzqO/UES8xUE+CA1AQy1y9c+UUoI="}},"HPzEUattF2Kiu9s0FTLrq7MlZniY1S3Ecw6Je+WURk0=":{"valueMac":{"type":"Buffer","data":"9N27dULUACjqR6l6TEAZZbLSnJvA/bjE63E60MyohZk="}},"HURbHO4tPKb5QdOkZ4CZkJsQyha+l6Ywr5rnV2SanBE=":{"valueMac":{"type":"Buffer","data":"ivR2IIrdXQT12bCZ42UBlSj34JpQqGEQ5RzgBo/mX4w="}},"HVmWyJENpyQRzPWDqDN1JBdmeqwuM0aXtDW5qEmRuKI=":{"valueMac":{"type":"Buffer","data":"f472nMMY/vNF8IL2S/tyOcI76aYmaYMaVDgPtymgeG4="}},"Hr3mpjDmG2qoae+WLUqLJzUaRCtAkDzwYjwG5nbGuLo=":{"valueMac":{"type":"Buffer","data":"TmdnvhbD5pt4gbjjhiDPn8xDZM3oGdLxk5cWY+32a7Y="}},"H+jyhfKdqkKpAaLqjY9tys7koObO/+ZrHgZeTW62LvE=":{"valueMac":{"type":"Buffer","data":"ser2xqlBhbYtXQ+AIW78+ZlZtjtBs2jT3nfoTKr18hQ="}},"IS6H7UURVTV5AvYPvfEs/MfAPzBiOOyuY52iJ9rCLjQ=":{"valueMac":{"type":"Buffer","data":"t5ztibYeQuxbs5lh83Kp3sERpnBkT+xSq5442DWqvHU="}},"Ie8kn5Ky469ywQr5nkzaQxmllT0IRA1tuJhzsgUp/AM=":{"valueMac":{"type":"Buffer","data":"C539PflH4h5ywtvmIKoYzkrARYjiIxbRdt8I/l5J2Wo="}},"I2E+q6OGmJNEFK4Q/DiaAlb8c9s+TeCEfHCVmTtw3f0=":{"valueMac":{"type":"Buffer","data":"hjV0VC3Z8vwFJkcjoxT/gFp/TpGyrH/REnSlkSkh4SA="}},"I5SWPrB3LaT13ZOyHmacjCt1BEwvSBzSSEG8IkCDDzE=":{"valueMac":{"type":"Buffer","data":"NMw0TeNcAVXC4uxpiQoLPm+4wjjLmZ1TYBo5W47qc6w="}},"JCvV650Cxg3IKhqkbSPc9N9B01zLUQttVSLVQ0sWFVw=":{"valueMac":{"type":"Buffer","data":"QJidpd1UmU9sTvL1V5qZBStBQlepFT33oUg6ZepIBIU="}},"JDvlf0Z53jB5mzxdxEdIMll3MvtJZvO2DEOb0GmAM6g=":{"valueMac":{"type":"Buffer","data":"nx3Bx0ZVEh7yeKAifBA9sWlHczI/hbnmbfjejQp+rrs="}},"JE8M3GTrwsd+wtZSxA3kF2aGvrM8tq0dGdsDg0thE1Q=":{"valueMac":{"type":"Buffer","data":"+rw030emSOYK2VF45qOqKqF9JFCZnWMsNH/3Yh2ingk="}},"JcY7shsU2u6KE0XbJp5pI5rxNkWCWNq0W9ACOdfVkOc=":{"valueMac":{"type":"Buffer","data":"NrwgLCLVFsUr2ZbJiHxdfVkFuqh0+LSBVzeGwFz/5gk="}},"J0xQnN9ttvrrjLNRpG7WNB6w50q4B0/2KqC2SAF8sUo=":{"valueMac":{"type":"Buffer","data":"l5HQZV5fNQfbwRpa7hgKpROr153kL8KonPxlLEWxqC0="}},"J1bOhhM/t5vNA/3ePPpobDnGh2DvOkDriGRzep/SUfg=":{"valueMac":{"type":"Buffer","data":"g2P6ATe5euPMCD6b1MCqqe6QVQ/vXSPxuU6jCqiiu9g="}},"J2Wb7wvZ34FX5Buuh00gmn2Ez+1sB2C8d5if7xgQCd0=":{"valueMac":{"type":"Buffer","data":"QTyHHV4sgh/hkmpqyo6Cn5n9BnELOMmrLxsU1woXQCU="}},"KRCroZzu7GglqUj4LamSAN7hxfbKBsirxwZPBMXUbP8=":{"valueMac":{"type":"Buffer","data":"FoNofLaQydE09MVShlLkiIIykMWV5Nk72KcyyV21F9Q="}},"Kp6NXkTObIakNnQgKz097EjrTxlDDk1mJmU7ryL0AKU=":{"valueMac":{"type":"Buffer","data":"ReZ5K//ZcP8Ri3K6tvRaLF7DZwuLmYmfw6ESsPe6/yA="}},"K9pELLbFuLCMxgaQHeJI5ulnfxShA69KtSf5M5RQ1u0=":{"valueMac":{"type":"Buffer","data":"FXnQuTXjn2img62HySVag+Xy4aFcFWCjxU9ZbDoXcDk="}},"Lh72dXhJ38ACT0lNzOh843n80fHVWd3X8nM7Wcmiibk=":{"valueMac":{"type":"Buffer","data":"N8S1Vth9BfKz5u0gKePrrVXPKqg9vB4xj+J0N6MxytM="}},"LmQINipwnEN45xChn3Drm4hA+X4aKhN+9ClTIu9BUEQ=":{"valueMac":{"type":"Buffer","data":"RKpvZLCPjjK1JTwSsxVGN3uPID/I1pGt1+is9ZfIOls="}},"Lu5S5RqYB9BpsGELryKifFDf5LBkk2GZt6bIkQXMXCA=":{"valueMac":{"type":"Buffer","data":"BPgvyt2bOWd6FbxV0mKPvlQQ975FzFGdVXc2W9tGySE="}},"L6dyQEs349cmgY7TJ88y/4bBgqLVb1NZzBMhonLXZfQ=":{"valueMac":{"type":"Buffer","data":"r1PaHFqIsbHvz9hhM3kmMswZt4BlaeeK69eDVGe50lo="}},"L60HasC2ZIY06f7XJixtVfArBs7b3kwyjykPcNNoBBw=":{"valueMac":{"type":"Buffer","data":"1Z2oR8PgxrsqWDRLEJYUwCZPTKQjODC8xCt13d6eh0U="}},"MCavzWnppOe/IS979s1COLVT5Nh8wWPtrZ04aOT152U=":{"valueMac":{"type":"Buffer","data":"PcnOAygUd1ZYDGxBQW9WixeSpVqTBPBu2AnjCqltjWU="}},"MG5p+XH/+ALpw9fuddV3UGB7Ho31+85TIOyQetoywzo=":{"valueMac":{"type":"Buffer","data":"aIw8tGeHDeXiDU0p4NgSuP0TlRAzaGCyBPyigVz6aPE="}},"MRiVURcdaZNCivfC3SzYDtxZS38b3LE8AlonmT59JKg=":{"valueMac":{"type":"Buffer","data":"KIfIBumn8zQsOKr/o9xfeAFCoXNNHr0jBYu/0+1pWkc="}},"MSYBmEyXmuSsKfoY8qdND5ptBHFgY5E/pOvKjkN+CXM=":{"valueMac":{"type":"Buffer","data":"JZjfifbsUf7Qj9VkpxyR+fXjGJptCF1IUCg/ma7s70g="}},"M+S1Rxiv43egGCs9j/zQSrMtptitq6J0PBp8sR7maDA=":{"valueMac":{"type":"Buffer","data":"GNUJxHh0c4K60FtZubV9+a3f5ObAzquMoGchDm9vEjU="}},"NvG23QEtRnwRC6sK7ziS58Eiaa4hHTe9K8odQtZ5O2w=":{"valueMac":{"type":"Buffer","data":"1LLodRvprV+yQj8li/b7oCgCFb/nB2ZagGL0vV5lD90="}},"OK4t+1eh6zVNjw3WcNtVSF5OCisa39MFeicYxyTxFEU=":{"valueMac":{"type":"Buffer","data":"gAC4hCMqNjtFsg7Ihl9ABa6756wxX5F9JTnLhjipEWU="}},"OZDRamb9l3kPzJ0DD3pUkh52hkQHrXcjerjpdYubVQE=":{"valueMac":{"type":"Buffer","data":"lVKRrT5xbZD/1O9SCbmP+827V5+GbDb8gagJnoGpXEA="}},"Ojk5utMRSWDlTa/A7HODB0MV9hp7qcb3MVWVt509xAQ=":{"valueMac":{"type":"Buffer","data":"SmSBCgzZ8p9QYw7zEtgAD8yGBXYUFJV15KeAL39G4pY="}},"PI/ub2zSfOWUSvVsuq9PilqJ4n+5aWQSRmoIntl/QLs=":{"valueMac":{"type":"Buffer","data":"QIaKh9ZnxiF4bd9YuwAw3T8EKr+DD0X++Xynf0EBl+4="}},"POLlzcIhH7W9RSgB8QwD2qvbOfe9m1Aw1Oy/8ceXbMA=":{"valueMac":{"type":"Buffer","data":"jqWakut5x6EPFkb1SF6+1rNjiJGUyFzGIMzXVYWOS84="}},"PiWAa8UHmAZKOY2W7aZRdgk4x9kyUd2kH2YZDNUD2Ko=":{"valueMac":{"type":"Buffer","data":"9X0fGM/Q76n+Qaz6s6A2zI8JxtxGNwY/bHE2MaYKJIk="}},"PijrpwM0Dfy9NpymH74lRJ5c4Hcm48zV0Qrl3Bmg4hU=":{"valueMac":{"type":"Buffer","data":"LB1A/1SSlf+kbgz1WWRAwYgKitnGDp4dMqEUQSWebzw="}},"PzDAbGau58zOriIUQzNUgCzIPHGfACu3QXR8K29Rxtg=":{"valueMac":{"type":"Buffer","data":"Zz04+dSD/79y+T/ppHDW3lp2QKYNQURpigkeq+0X0eo="}},"P1NLSU1/lbREssCdXmDGuSvRVSdg7KAO+OZzgyMs0rw=":{"valueMac":{"type":"Buffer","data":"13Vx8EgngZgfZfezGN9HkiDfdYhKDK8gBIXCL0H9ljU="}},"QJCABY0k20XjbhScm9A1dqy/QhHF/EDKWL3BkDDnpoM=":{"valueMac":{"type":"Buffer","data":"brcS8F2voeFlke9QqzMtGb7kGYB3Knt2aisaA50BkVE="}},"QJ/pMbwDQJqqiKEDN64dU/P7awEmHoT4EzoXBLfep9Q=":{"valueMac":{"type":"Buffer","data":"zSaDNtjc1om1DAx/EcZRJ3KX1ULqIOB0YBrogcS1AV0="}},"Q6Xd5dNUYbOi0CSeVgrpoW5Z9yvFNpUxF6C/wUY89Tk=":{"valueMac":{"type":"Buffer","data":"n+c3kfuVN9SMdYe+6WpVR2d/WiqXPQBFnwviLeermzc="}},"RAaG4mDCu/3JUqf5WhGDEv4aQKBITAVh9pA/MQEs/YU=":{"valueMac":{"type":"Buffer","data":"ql+CGlumv3Y+VAPoJwxzTwF7u2W5naGfzxsbZWutm8s="}},"Rl+rnz7hgSbLnNhtId3WLSIb0W3E7B2QAhUuMb4nLSE=":{"valueMac":{"type":"Buffer","data":"dz9fjM4je9/FuiVPsZrpfsgvB/0f99mUJ+CPCabIFRc="}},"R0S3qHp/vDVL6UWEtEYSVKiR3NBAy6QkSa/zuqRC+0M=":{"valueMac":{"type":"Buffer","data":"T9utP1qR21y8onqY1z5dzyQSAntSQCdEfx6MmDF5/KI="}},"R1ApN4lhO3R1oN59Dp8rpZqVEuo03vH0MrWhgA8e2WI=":{"valueMac":{"type":"Buffer","data":"uPNBdkhLR96h9/ayknjykRLsDOjyn51WGE8fW3s2R4I="}},"R1ILPWDdRbSoWfsO0XRrLpAoi++p1vOJC5wF0xn+Dk4=":{"valueMac":{"type":"Buffer","data":"HpnpvoGoqkPgZ+xho0E6SfN9D88j4ufwprKI9zPFur4="}},"R6jP/IrsRkV2Y2zYDc/wY77mFIV3THf0aeA1iNN/nZg=":{"valueMac":{"type":"Buffer","data":"yitBuICEAbCIFju06p9UL9bEzWp2SqzIKW29KAo2YWI="}},"SBqPv0DyxFm0ia3h3vEsPc1IzmoEu7mgSIiwPDFmcmM=":{"valueMac":{"type":"Buffer","data":"dDST7PHSMOFsKEH4pBd2Uu4A+2yWrfT8VvKvTs/wL0U="}},"SPAgfkUJb1RPUiO7leZiq3XGg3ixfbp/M8uAp+WOnvY=":{"valueMac":{"type":"Buffer","data":"VDbKtTKSBkAGDbdiTcIb8U06zJDgSg3XGxw0dfWhrA8="}},"SSVVDsDg9u6SZzJiRFPB3IaS9XzhgkFl8hnZUYuRGhI=":{"valueMac":{"type":"Buffer","data":"7FAzl8Pq2GDVLinILJhjeWqTLJpJxlvtfOybeEkVrJY="}},"Sd27sBrnTyVetl7xdtG+ITIcjyPwe77oFTobnKAniEw=":{"valueMac":{"type":"Buffer","data":"wuDgYskKvyh4Fyx1azVe7+7F3J45L5tSUZ9pHK+aRUE="}},"SewRx5koSCiZ+LxDnzQDgUPQLCl87xsDCHChdiM7a9I=":{"valueMac":{"type":"Buffer","data":"HNtjFeb3cBAYaNuvO+dvu3k6ZOmkufToyAsxyuRn4rw="}},"SqLCyMB8Et8cQKurr4cX466ChYJX6Nj/WnzpW1x5PE0=":{"valueMac":{"type":"Buffer","data":"4IfyueY8syoUZAXLhxpdN8Py5hMTYDeO+YWpG5/AoQU="}},"StHf9uP8NDkiDlclVLAPdgJV81QYlfKCm5ey0ui8+iU=":{"valueMac":{"type":"Buffer","data":"xBxqI3kJfAfom9qwhulXw7s9ySpCRbSkRPJ3BHieveo="}},"TiE9ZFvrc7dFbs1hNnvYjmd7eHWAqXniFwlAv+HqaDA=":{"valueMac":{"type":"Buffer","data":"UVXv/T/XQGO5GkEjVrgyo3UgxEn1d9ZF1ACgXbIDdg4="}},"T6eOZj2QBkqIcC6g5TyIY3F6in31pJd1QM8W+T/4aDA=":{"valueMac":{"type":"Buffer","data":"bXVhxaJmz0mgZm+E0adxHPomFUvM3g87oLZ+H6XGq/U="}},"UG29gvXp4zCGAeUQZGdZT8RF3kg60vZbVkrjo1lYzkU=":{"valueMac":{"type":"Buffer","data":"N1v1OH+nSamDIN3llX1M0Vszo9KoIag8Lw78Z/GmkoA="}},"UhE9/dsRcN4VdQEZTadkVvLLXGf+YosuKOSWuPkqBvE=":{"valueMac":{"type":"Buffer","data":"3gs8xD1NpKUDiCVgCiOmF2jGODpzbR+lYKS9uov4ZqU="}},"Uqpc3bnb0TXVXwPgkErpO+wW3ShtC4tx1RGDCju0N3Y=":{"valueMac":{"type":"Buffer","data":"0ZcRSScESb5Nh9BGeo5DNAcIJGcTqqnuFT04Sbdi9aY="}},"VJFIh/H/vDcxWsq7ksQ/IP3YivtjPLZPnDsFakyv4bE=":{"valueMac":{"type":"Buffer","data":"ANBZQQAcQ8/lLXVUqU2gsUup3es8kHMhGfuIIN6oHQs="}},"VN+OdJ0Xkyy/2DjrrUDn0nSBV2o0ova0q9s/dlQoYpA=":{"valueMac":{"type":"Buffer","data":"0FLTAsL3bjCKfUtVhfQMJrQPAZOHK7MObaugJ9T386I="}},"VOAgS+c9paFpDipq8eNtELxDwZE+JF0Jxbi/VhFR9uY=":{"valueMac":{"type":"Buffer","data":"C3yTd6yi6TuA0yma8txPq9qo4U5j/+2jNs3ket0M0Ak="}},"VPKVWS/GMUGyLgFKPYRPkn+UmPNOlTiadj7erEH+FXs=":{"valueMac":{"type":"Buffer","data":"2xFB+JO7uc6F2QvqOePTY3/PYjBRuzh0tgiVEnnkX60="}},"VVkC8hIsZCGzbuKOYTgzuyeqGtYAqS4IJhmcqzLfTLk=":{"valueMac":{"type":"Buffer","data":"FN0pL2JZg1uqg+a1er8B0EI2+nQpziaO/b43W3hWWyo="}},"VXmE2+fquGb7xQSeFkU6GnWROrfewzMQIZbVfuZ59J8=":{"valueMac":{"type":"Buffer","data":"jRmIrFRHDNAtn1g1qEkGxl6Qa65lY1YfNVwR1FusCeA="}},"VhuKBE2oVYXrZNTC5e+5Vcz7diaLJ/G4bJeg6tXXuRQ=":{"valueMac":{"type":"Buffer","data":"P5Zd3mQSf3YfBpCIFqFqw6mY8ZiHjAPYVljmVPAO0xk="}},"VlMLHF8w2M/cVP+ptt7iz7MbCNhrnrw6QYDB3aSArD8=":{"valueMac":{"type":"Buffer","data":"W2mAP/7UyFT4A7N2ZqX5+CN0FrHSYfk7+XRNEjGgrmM="}},"VoMRtZmG7fqLdBdkK2RyesafPsMUENTTXo4XKMKnXa4=":{"valueMac":{"type":"Buffer","data":"ICGr/Klh68A+murGJquQgPJcd00XiFwjpXWUD5lINZA="}},"V+qQWMv0xmYUndyXXYEI8km3S7Ks38T5YZAnGqmPo9I=":{"valueMac":{"type":"Buffer","data":"avZWEcTLdeYXIDfxEhahl9kZdEEPw0f3B6igLReiC8w="}},"WD/SzGRzXlpJESjadQMNb9Nr4HnRZI9mQsZNOFEi6BA=":{"valueMac":{"type":"Buffer","data":"ZjvnMRWOtRwx0Jw9BnXYcOBja31Ip50lxW6lX0NTYIw="}},"WfaXY4+lmCPRoLgN40vtaqT9y5XhsX4rEd9L9y6TaKQ=":{"valueMac":{"type":"Buffer","data":"BuVY8XcWjXDISe7EBKgOXtv5ss5g3JnDOOsRYvPPCAg="}},"WoZsFEvn+Zc9yCCYmoHOxiBHnyj/OqrsDumi5FELxQo=":{"valueMac":{"type":"Buffer","data":"LrpC7tjZqfzJ2dbkTMO2C3BpiYX6ol2M+YVpe98qkbA="}},"Wo0hNa5DJqwaW8UQj0i4xYyGAfuHyE05xJZowM8Fom8=":{"valueMac":{"type":"Buffer","data":"qmLF2PVp9ZUuG+Nw3lsOlngJjVpROTZ/p6sziyNadNU="}},"XEDdDnLbWQ1QGOIIERzEDDaYkuPgtghdaVqw5Byz3NA=":{"valueMac":{"type":"Buffer","data":"oQC89kX0wHgAjSaTodObgtGe99D4LpClUkSvNFvnlKI="}},"XLUFha8cJMI+vNSrMuOdSIdnjE9TBFHFxz2WrhOSuvA=":{"valueMac":{"type":"Buffer","data":"FhOnw657a1tRmlMUI8JusWhqyFw5jkwb38UMifVi6EM="}},"XcArHrx9pD+OeyISLsgJ26oLO/g4vHHKeSQm8TF5fvw=":{"valueMac":{"type":"Buffer","data":"XxeTSkMzFW7/CnbIymxn1F0nZ0EQPBwARrgmpnfvzUs="}},"Xk/zhztUxA5xZ3w4eyjxSpbTWnr3L/QQUMTEwccI358=":{"valueMac":{"type":"Buffer","data":"VK+YeVs4Dx79V6Bw3N2MGfKbacCxoWLZPVMCZr+x5mk="}},"XlewLQ7FV/xy2h86X9Lv5HY8LLc37pHnnxM4sMSkJQg=":{"valueMac":{"type":"Buffer","data":"qsmd2Sz3UJEkDf9MAJmyMcoJV4dWcGTRggSVWF7H02g="}},"XoA2XTQiDasBE9ffomBC1TP4Nue4CLhlz49xq9XFWEY=":{"valueMac":{"type":"Buffer","data":"2hVmjRwQ7O23844ycz2gkgo1gDGBUizEtV6nSJkmHN4="}},"XwXevMYfl0/89CXb/I4YH3aZzRjWOiFf2W/GLvmbeos=":{"valueMac":{"type":"Buffer","data":"y4BjXbY/vUcjtBgGJfLGMFPyBCpz6DFftuZU5pg7GE4="}},"YJ8JAZf+GJS6/HFssGLInNygK9xK3Ld6C8jfhMkksEU=":{"valueMac":{"type":"Buffer","data":"GuBQxtFM5dhE4JtM5ogn+oEBH2ghylancidAnD41NWk="}},"YSDFjAev7IQNDE6Lbb2Bs0sGFnmk3VhwnS2KQVE+fyk=":{"valueMac":{"type":"Buffer","data":"ZQK3nGud/PZWVBnudArljqXLGB7IMYe91vxkT8pXIqM="}},"YSHIoiYBdivN6COKWR1RV6FOFez4rsOIsyJC+NlAj2Y=":{"valueMac":{"type":"Buffer","data":"AFqsVkR0/yuv/4UzLIDs3LLtX4/jS5uaC56+ISB9pps="}},"Yge97mUax0OnUaeCP+lsuFAdmStK0LBuSuq5m8ZiKOI=":{"valueMac":{"type":"Buffer","data":"4vHIH4sWJqNRT35ysmOPVk+TBWIOxkSlKxKmI32TQ5E="}},"Yo0H5kHSVPaNR9yeKkUNSVT/Kd8ZzhYeieFxctv2TSc=":{"valueMac":{"type":"Buffer","data":"NC3ONFBaGiss+Z+oLwiPt6k2BbbQ87dRKX6JdkMlogs="}},"ZGG1oOEJyWqjtgNV5RVXbS7zoW/KySz//WKmvA3IBSA=":{"valueMac":{"type":"Buffer","data":"jwL9sk8XFAm3XkG3Fxr3zDVMAa05i2bxrvvY39BzIaw="}},"ZMgOYkE7rnL4Wn7VaR9mfBLLnJ/TzNtdFMFO7Kzevdo=":{"valueMac":{"type":"Buffer","data":"LnoscgZClUD1nBItF4h17Q9/Yel1Hnzl6LDafOIYrfA="}},"ZTnsYK+kLSjrgOTTRifCIdT0JoS1MCafEtZEYmYzxrs=":{"valueMac":{"type":"Buffer","data":"bjpUH2mpC++dyUJ3vtSsBm4V76eHUKKSDX1VsBEbOB4="}},"ZdcKSdXFinQDJob4nhbt75bj9FUGKj6vm/8Yuzjnwno=":{"valueMac":{"type":"Buffer","data":"OQpD0Py5UBeN7K9iX5AgGBdRzadUmiKB+SNIt3ywxV4="}},"ZjrDt7lad356XLLjE8SCYBalkDWOmqYcMWUcIMI5Dl4=":{"valueMac":{"type":"Buffer","data":"SeOxYz3L6OSYP1xMHqJZV82FHBdzHvWeviVhNAuUumo="}},"Zj73WoZHEJ9DNwCLZ5sGKxRZ5I+WWLUwh625pkqhzfA=":{"valueMac":{"type":"Buffer","data":"2FpFdmEnHzEYX1ejxjt1ty8iI67v72BbAdbjyBFPNak="}},"Z7ym+2qiQZPwGSU9N7RQKwaATbxIf0DdFUFam4tb88I=":{"valueMac":{"type":"Buffer","data":"H6KdX1F+93KfLTfAbRjjyAyNR8m6mCS0ivhDcxh00sE="}},"aKV//CPmVl6sfXKDDC4F8J1BzGCGVhJp3/3+gNvCs5c=":{"valueMac":{"type":"Buffer","data":"bdr1TXAhY+bb/Zprybju9k8XezgxV/yJJFKOdpIjJt4="}},"aL4XDoBLQwTHyn9zMGfaO4e0RF8WKm/ycHLOrYkZk9s=":{"valueMac":{"type":"Buffer","data":"VE3XoE2IkptEnsXWTnyufVhVTdOsRpOHhI0tHUIgUCM="}},"aOe3cZ9Wvx4AbldvW8/8gX5+B2SSA1rw4ruB6g+iGq0=":{"valueMac":{"type":"Buffer","data":"8pmiPWbIeUe7KRnR+p6K/0xRaTracAko7453m4Z3YJo="}},"aQnBVPh7oFk6Xr4HREsAAoe/fiKH91jbBYx51KujW04=":{"valueMac":{"type":"Buffer","data":"C6zmOhB8ItypcvbadrsTY86h2f29BeqoSZduaP5GR6I="}},"aXKVktYcN/f2rqgumgD0wh3XohxVGltF2AzxpV5hTpA=":{"valueMac":{"type":"Buffer","data":"nhXgKC3GK7aXrpq8oGIOLbor8k4G/eqkPreJEiVILSM="}},"afbr8IUvTI+J4p2SU95bkYVzSaQpNWWcmOaXwW6YNjA=":{"valueMac":{"type":"Buffer","data":"ncM7bkl3m3IGpzrzjabYMC5NuHY+TDxKGB3qsgIzX6Q="}},"awtiwOoGeG4jH/8+yv1SDoiL/OYfDoI3aKZA+eej6Fo=":{"valueMac":{"type":"Buffer","data":"sf/AjbyGa91rSlKspKcazptYLk04feIxpkSGL8yPwRY="}},"a6VJwIYppIw+Obgoy8rZA3Jxk7B8c5tz+1N4yANhDUI=":{"valueMac":{"type":"Buffer","data":"ZgqigH2DouOqRAYaN+8MNbqQKVjvWd+tKua79jyE5a4="}},"a7nSgOrRt9S9Ei38zeMy9682o2Mzd/uOleHzfwFoGJU=":{"valueMac":{"type":"Buffer","data":"jHlC4dXN84c80douIiKP5gMYVsIPAalSaSQV9vNGvNc="}},"a9uzLAlGMSSMtEALVGo7Ore39z9JpEtFbuyuCD5V0uo=":{"valueMac":{"type":"Buffer","data":"oyP907MTiyAs3yX4lKkoKshifuRL9V1Yw0c3b4XxwT8="}},"bEPZcVFgkO+tT87VSml4ZSUJaqOBDdzqa99wZxDJekY=":{"valueMac":{"type":"Buffer","data":"CFSsueb1bELsbh9NhQxCsxxxTqYNWncVEK8tByRWNwI="}},"bgSAwhXv8VIjho4Xv0LXqjltyhvsAh6c8BIvvsznlUc=":{"valueMac":{"type":"Buffer","data":"DUP6xpfEbJRl2Oxau5MUMQEKjGLEzU945odBjaWGd00="}},"bkon2rqb+nKvQwAk0+ZvNhFHHSZRjg9EUh/KYjCL8Mg=":{"valueMac":{"type":"Buffer","data":"SiPJYytY8ea2cAawVko85XWusDXhYZVeYICS5Dv2RrE="}},"b1LimjuzPLFBUS/oMGV+tuW+6ZrMZHGZnvqXtP0LZkI=":{"valueMac":{"type":"Buffer","data":"pLxLvUNkYq0GtpD4GXvmpGlgyF/+HGpHXrIUOOL7Tfs="}},"b/EsWzlHs0otjMNp1d66ONsw5456R33aWNBPY+fafzc=":{"valueMac":{"type":"Buffer","data":"yrlpWRxixljgW0qQAJao411CTgIc490zRr+Pp4HIYzM="}},"cA/M+V7gDVPQ+LXazcXGVNuisM9X9AABJpAkCz3PSB4=":{"valueMac":{"type":"Buffer","data":"cegDg3emWztT0kjDWrRHqMeYwp2GwduwLqZQ8AjpupU="}},"cOCxMT6bmrAvQ+rcu0gOaRgSTIiuFG3UuJ1DE6c1rLI=":{"valueMac":{"type":"Buffer","data":"ZthDJdycumUuVhU/6lyVicwerf6tndVL7UlovH8bLAE="}},"cYg1S+v7Va93uzq7xdd+iVWJI0iQ6rcu1FwVoZC1gGY=":{"valueMac":{"type":"Buffer","data":"3pTf9Y715ySFFm4ndCjfXq8IVhEJzbmdrVpEInCfQ0o="}},"cYt3wGOoKVRkoM+xDY71QsEjPJ5qt8DPwE0Xsc7A94E=":{"valueMac":{"type":"Buffer","data":"wlKrcsvZJtLDu2cijxNNA8bI8dCRhJ7ast3ezmjIUCY="}},"cZjgErrRS1AI6OerKdVzuzLmCzovzcLghijAZ+/xNyc=":{"valueMac":{"type":"Buffer","data":"2Fi5D17y9lPY9TDNTU9kHFXFrX5sTD86BxHFH7kbPD8="}},"cdYOkqbaeau8W5u1WySt6Y6mNarFCJAnoTzXV29kFpc=":{"valueMac":{"type":"Buffer","data":"qocTmuqivkf0LzHcqPM3JEv83Gy5IZWXOFPkav6yPgA="}},"cnmoIIZPcpi17lCczC9YGlum8MO1cnzrW+sD8vdS3r0=":{"valueMac":{"type":"Buffer","data":"vDr+UGNVZbzuKyUTz3IbHFfCLZiuqTdfoy2I9DRW7SQ="}},"cvRKc8C9fCKQYpT0z22/gRizuIHb47ZNvR65z+8ETdw=":{"valueMac":{"type":"Buffer","data":"sUWY6kt6mIwFFlWx4qMGxwVVhTifxe+QS28rA0bf5e4="}},"c9rgIJNh93R5/+tF4fnaqoMIZ7bgC+QXnynZJVv7GmQ=":{"valueMac":{"type":"Buffer","data":"qQfrS6cbJrOiMNxJfnaESkI9NtVGz+jEW09ZYhTfnnI="}},"c+KaTfiYygdTL1yqET197OZXdGrkG6jCeXLD1cINQWY=":{"valueMac":{"type":"Buffer","data":"9mCTCXVBgD+Wqpj9vU2k29b05kEuFqwsVztLTJ06j10="}},"d8Eibn/eaERnemcwk97UNjEoKqodMw57GSszSWTvOPk=":{"valueMac":{"type":"Buffer","data":"bdN85QxeuZqQwIO55XxUhSmDjWmPJEpo+qhabsKliko="}},"eE0wlFZqiOaptA4KTIZ1xiQU3z8o98GGJv9KHWjgxNc=":{"valueMac":{"type":"Buffer","data":"vtaC2/dFCB7FIKQDZlAQotrhuLh++Lza1ERTLkSUvLQ="}},"eGdi94ZJ880gkrQ3F9JaXLmSLwwC/aigG2NFMJ4Nuz0=":{"valueMac":{"type":"Buffer","data":"XDl+5fP1o2xNaKPHTQ7d/ftudheL/NaXbZvVqJQXUnI="}},"eKfo6NiPenhYiP5DFyb/6OSye+L9WFcTjq5hiUUQtng=":{"valueMac":{"type":"Buffer","data":"Gz20gyAra5xacgisc38HBDDN2FTFaxjCNKlPmzoNcLc="}},"ea65I9p6ZNt+pFabN+7O9LnAm//Ln00xbgpjP4GTI7I=":{"valueMac":{"type":"Buffer","data":"3QCuTLmn8ZBMcSXLP265xMGaV27prgipadKBqHHG0wM="}},"ezItLmzQlkNID2HSsIoWdnv3R1wtcrHaGWw4j5NRtcY=":{"valueMac":{"type":"Buffer","data":"RPiTR8no0XCFtj9NFhy+Xhlr+Lza4HXWY4DZtLvqCWE="}},"e0+Ipg8IIjgIA+R10WnfwGC3mfgo9jDhbcdeu4/qCQM=":{"valueMac":{"type":"Buffer","data":"holYj4oxSCkCK/bbIsejMDjaetDYZ5pF8/qRD/1wgfw="}},"e9nQ6s715i/l4Pb6uU9AoG4pa2T/7RWcEZzZOpkCzJE=":{"valueMac":{"type":"Buffer","data":"qypcLubuWnYs2K1pBgEPCQRh5PxEVib07FicGdoW7ic="}},"e989g1KY7eyVpHQO5aiOkdDea76QnP9j0OR2y+IcJ0Y=":{"valueMac":{"type":"Buffer","data":"xBlw9vdSxgLIFm6SGXWfvemA4Hz4jP6o3c4rbEEB20Y="}},"fMQlzBU+FAIu9z75MqIXLS76ayKA/v6VlJA6DBA5KN4=":{"valueMac":{"type":"Buffer","data":"+b38YC4QItE62nxq0btqDbrgIeohbhOxfo0oCYC5kjU="}},"fNokNqHXfYdqJ8/7FseqxC/XUr4vjdVY0KI2ffSvr08=":{"valueMac":{"type":"Buffer","data":"N/pp0J1PxO4hJ6U6yYLM6NM0KGOtLL7ehwhKD65e1wA="}},"fU6aFb6ZO130qG4xof3ccerT/tM4T/Kx3273d5yu3mI=":{"valueMac":{"type":"Buffer","data":"7gQUbQ1QbPfMW/SphlZ47NfYqlXlNNxD5SCklIs4QrU="}},"fZxjddP2xptLcqdLZ5H+exsVXfIpdLgJyMnO89SP0/I=":{"valueMac":{"type":"Buffer","data":"g6/uliWAGOZZa/qo2qDh+YGLTKrE7zBndjIF0hiAV44="}},"fgR6EPoi7C6eapoOUb0NOu9NtFwtRYtqvrZwv0XHlvU=":{"valueMac":{"type":"Buffer","data":"sEF8btVJJAb03Eiymkn0Om+Rc+OUPcw9HVFpN/s0NVM="}},"gCu6EBYnNysikcKonu2HVzYwGniCODZ7PFjH3gfr61M=":{"valueMac":{"type":"Buffer","data":"O5o8ezGbQ6Xy1BpEtGE41VKTTPyylMqIH3kW70TUANA="}},"gIlQCDW2FszOgwOygIB2UNc5rqhS4Cyq8Xt2lpBd3fA=":{"valueMac":{"type":"Buffer","data":"IG5k4SdDcHGWArK3jZQz7hNwIZiE1sz1xIH50Zh9uUg="}},"gMIxGSU6NSGb6oXClXnxKsUcFbIdEq+Q2tv3iCwm0XE=":{"valueMac":{"type":"Buffer","data":"DmYpyC05V4agQIYPqNiXvd0uxZO/j8cRa3KRWmF3V+g="}},"gUTHMoytvKMZD9yrsJ5VkwU89eSMGF/lHvY1G48SnXs=":{"valueMac":{"type":"Buffer","data":"MUUKfB8nKW7Rz66mIXpsynil/11c5EjsYl81tzssoKc="}},"guIPNi/ixQ4LgPQdIrn5LKKeNrdvTEmyw6qPEWy+XTE=":{"valueMac":{"type":"Buffer","data":"0uIMmfT3sUxp2M7sMWsK/+/TfB16Ny+oz6Y4Ebio+JY="}},"g2SxEQ0RMU2fg+oWwyUGjSMCSrIeU3DxLZUg/qlblHc=":{"valueMac":{"type":"Buffer","data":"tNpYvEWMLNGANRAH7FxpZUYltqwoRoPc3NVX/lX5UuA="}},"g8Lg1/gjRJipucOYKwjCuLYR9UxQdAlPucVmOdI1lOY=":{"valueMac":{"type":"Buffer","data":"RdNQoDQrh+JJgzb1kJJXjElxW6gBb+bvCx414JRmpPI="}},"g9BmdGY942Bm1XsbxiAOVCF9DjyyT7PVLKb2xqebaqI=":{"valueMac":{"type":"Buffer","data":"05Exvq0J3Swu+viPLjj6giKEJev77A5jb9WSr4g7JiE="}},"hDw4B8Ib1Hz+8xOmMkJVTN/D4lPgWYh9duqzb4K+zSA=":{"valueMac":{"type":"Buffer","data":"Pby6Bj6pbVn83YDY+50MTP/BaQhtN9hPS3tx8lYOIL0="}},"hEByUa2Y21efwH864P7Dcg63iuVZdiRbCfJE90ZP3wE=":{"valueMac":{"type":"Buffer","data":"9TQNlJ/yO/neCmAIgk4i0HX8rAqk8nEP1tBM7uOF5Og="}},"hE2YblS1FFsJe3eqWU1tBvZjHaDdGxhnDiGEcFqJzEg=":{"valueMac":{"type":"Buffer","data":"8Y3f23hlF9p6CPYw5z5tBly2B+Wtf+ANiOWLLWsrGhQ="}},"hP/sbM5zKDgU+H1P9EWS/iSvefCol6MLPq7CrQZ3U98=":{"valueMac":{"type":"Buffer","data":"JF2M6lvlrF0/X5KMAdhM6JmW+ii+u2W+wcSBIOA6iyg="}},"hTFClVaMVr4Y5pstu4b5bXqMsV9zF0yLQ7QpRNwdajM=":{"valueMac":{"type":"Buffer","data":"5I/B2ylz+YNvNrTE9eZqGdzLsbjCDbGiwnLHnOvJANs="}},"hosDIkYrIiYSZoPUzv4u7RtUtJitFgunSLoSxEdI0bU=":{"valueMac":{"type":"Buffer","data":"lfSUHtdJ1DtXeGJYBt9kEd+JteTSrlPOzLFDwAx8/qE="}},"h6HMJE6qAxPapExmDkylWvJzmNdaLGetUePPllgSUds=":{"valueMac":{"type":"Buffer","data":"4AfDUdGZjSdmuYFI9Kk9meq6md0IdRhZzECLqtKUwIQ="}},"h6Sv4Q/KNx5xr4vY/w2fC55F5GQ+Qot7mcyXas9Hm6c=":{"valueMac":{"type":"Buffer","data":"Sqt/j2xsyYrwpWX2E8fFa4K2fuMquyY0A6mKnoxNZuo="}},"iHQMYqxaXjcPe7PMNPmVjwdkk9Cr+/oeUIgUf1egho8=":{"valueMac":{"type":"Buffer","data":"foKddv+ZkH+9SfztLnvI527i0kcI4k/U6fsVFOOh9xw="}},"iJmLvn+tSMICJIjUTj1repmB5heYRliwOGtXoQE67UQ=":{"valueMac":{"type":"Buffer","data":"MNTZmo0W83QzXH2Y6Xup7hrcf60/ZAGW7H7PlPo5OLE="}},"iPq648akoT/E8aCJCFrROd8s4c3thABqjRhVDP3eK2k=":{"valueMac":{"type":"Buffer","data":"4LvAPws76WCC7bH2unNmKTanzYXOVpkm5w3x0AADmIc="}},"icQi5HgfIVvA74bqrKEIxJCrsw2LVWGFHQVA4lZxLIk=":{"valueMac":{"type":"Buffer","data":"Wd9CZYj/bMfQBMX32ygWeJ8USDO6KhTe2t7v3NDuAH8="}},"ifXk+diQPOGIIl2XMnZPIcn4+UOps256XwEUw248oqM=":{"valueMac":{"type":"Buffer","data":"rW1iG8GivZZ1xh4zr2ymLpzX90YGV3LhZpbKOGD2m8k="}},"i2m+iKpTJWHRmSyePQO7N12ZzvnUAkBPSv+2eroD4HM=":{"valueMac":{"type":"Buffer","data":"Orw9jiaRl0sUhjigfvfQ9pLj8I8lEK0ry0rE4UtIK6k="}},"jAGGRpSxRcCRA5HFqAdyzjXKtIWiEEa4l+FfY2kFl6E=":{"valueMac":{"type":"Buffer","data":"WCW/wA9fJTBWvlRW5Hj7xmyKTq/Jwdkyx5HR2X4rGPg="}},"jFNRtwCD0vHZZvZYpX0CD2VoY/yINeS7DkWk7NaVwyU=":{"valueMac":{"type":"Buffer","data":"YPStYJnzXMZq2V4iuRyHsTCKdpsB8zahT7V/wCJOTlo="}},"jKamLsglKqBG0SbfP3O/yq0nHAW/DJ7QL9cocJSsNeQ=":{"valueMac":{"type":"Buffer","data":"MlfcjIbqIXVXQzHnAjS2lZLhQUpge1xPQ51R2zBDmG0="}},"jRoTc5GQm7f6th7syA/ksVlgCdz7BGBFIe2BEx00UWw=":{"valueMac":{"type":"Buffer","data":"FGQuZk0rJA1IxdWd4Nt2mgzfCRuDu9yrmCDD2ZaYGmc="}},"jUGhs346FeiQAUOOY8XSZlfBPe/fNk7O+yzyuYJkhR0=":{"valueMac":{"type":"Buffer","data":"AGjjOHNpuiJ8EKXuShUsMp4j82dtNi0kuZhISOUM4FE="}},"jehzZUbUmDKYr5b6qxRvrOh7Vm13V3/dOwTN8itwkM4=":{"valueMac":{"type":"Buffer","data":"YQY3ogTxv7KUv6d0jzlnbFv42FHH7Edno1Hyh9rKBUY="}},"jfYJjFy/gODyOJP396QYEWjXnt2mzqdU7x54FnmK1aY=":{"valueMac":{"type":"Buffer","data":"1LwrMncqeZyq14AMY5MnaCs1v3m1ScRjeGFgHNxzMTU="}},"jmCC1jIb7D9mRrZ2sOVJkzdpd1P0rZNFuXeHFsFT1/4=":{"valueMac":{"type":"Buffer","data":"m0U474x1h+OODKw3+FHU/sraNi6oPLFhlvkHYuv5PC8="}},"juM/+i8DPusbYCLWVVthUkozkBbUaMKbk9GDkjdEYe0=":{"valueMac":{"type":"Buffer","data":"HQt6C5qVJQsYlwBUZf2Ja4/ZvN/SxC9YORRR5GtcFWU="}},"kBKc0nvxuFh1zqYGr9gWDbyYT7Yq1yODG+59x9N7aqg=":{"valueMac":{"type":"Buffer","data":"rkyodJjn4d3mWupD1El2xpEKM+qRiZTeXoA5tclskpM="}},"kBrTmV1GyhpZoAXoFYNenNaUbSZuzbDp5cSfX0WhDgs=":{"valueMac":{"type":"Buffer","data":"6yg0hPwot8cqe5YUwMGZQFq/+yTqBj9kNmCkqAi+H4k="}},"kg1rsdFgNMmCNzZpqIVL0B0mvcDG0FNP8WSpRtesHic=":{"valueMac":{"type":"Buffer","data":"TEvQEYA68dwGSmOVxMnN6le0bNyIjny2Wm4oj8imTmA="}},"kjvWOO+mIMlfThaLPfHk8CvFnyoLGGjvxnQI97qkHiE=":{"valueMac":{"type":"Buffer","data":"scoYrZdnSuI0dHi8VAOizPEis4zI8r4uJfRSTFZEcu4="}},"ktxyaEqh1d0/Wv8pO7BfUCgpxzpZtsY0rLGefrserU8=":{"valueMac":{"type":"Buffer","data":"bUsCjCp3rNnGWcQiMn3MfFFcdwnHqwCZ1aE+I/dBiic="}},"kzJFqlSMYEynOTtZNUprLOfdBC8Y0/vc0SmcpTWKGA0=":{"valueMac":{"type":"Buffer","data":"qcy6nPe2NngJAsqw8omFwwi+nzACTwwntlsM+x4jDxk="}},"lHrn6ooO0k1hQ4+jm+wc15Gj9y6f+zLm4K1+YsKOLZY=":{"valueMac":{"type":"Buffer","data":"s+/x4SuSWzTjouTFo41IFm7+OU+BnaMGD2FgyYJG6A4="}},"lJnjLiLzEbR1EC/+dFdh4xwGEjwitpKbAvJrBJE9h6g=":{"valueMac":{"type":"Buffer","data":"c69gw83eM03JvC+MaKDdyexo2yvC1iDKQNOmtjGxNEw="}},"lYgaIvUCWOipuU+94lPqYSc/dpDZdrZQN8tqpXkHang=":{"valueMac":{"type":"Buffer","data":"nBxHDjCSzeZNAzx0tnheRQ9ln+BvvpVvyyLHQ4X+5Tg="}},"ljDbMDDdnlGZ7sdrVmLWRyJIOxdQ8G+/Lviuc+lgSCo=":{"valueMac":{"type":"Buffer","data":"xGe2/doXny51xfKmNaDFb05fwsk6dF5fvi34p7uKAD8="}},"lnOqEBoDGlC/KWTcJNjBqkokCCeVFJt75hFaNnQa/W0=":{"valueMac":{"type":"Buffer","data":"2pTXnUgnNC8hBbP01zuhyE+C4eMV776rajaYDcSl1pg="}},"loPNML10x+afzeiPruz3Rf4pcES8S87qH1blSW2YZuM=":{"valueMac":{"type":"Buffer","data":"dgtjZr3N2qmkyNAYFaXutaanVgL+p70mYQTSAPNdQ68="}},"lok9oR5UH2cSl+kDFYwCGzzBCfCq6AL9N+IeXWi8RLE=":{"valueMac":{"type":"Buffer","data":"++T3TY4XFH3yMM/huGS4kSObrYpCS4m4mgHKtSXJ0kA="}},"l9kmVfDDmghU+PYruuYFBg0UZwZaG/fN/nBeNvaCnk4=":{"valueMac":{"type":"Buffer","data":"y0FlUViXDQdKLPYaXXdm73uSJk4FHFiLLkqxX0zNM4g="}},"mPdWewLMrCKsDz+NI+8XjinBhvfoQrn9W1qXm6dYprE=":{"valueMac":{"type":"Buffer","data":"AT6QlRh+Qs8Rn42Af4u13KH01dpKN3iC/CEwm+S15Bk="}},"mSAC1DQoqNsLGRnQKh52wAi6fuVxrBvHePM6ts9llf4=":{"valueMac":{"type":"Buffer","data":"gMIzaPcV43Nmceg5jF2qnBy4qqL6hTX1rslAebwoSdY="}},"mUl8fT24zxrAUwuDYyl3d6un37i2vaQrOynj/tfDF28=":{"valueMac":{"type":"Buffer","data":"GHe3kCB521V8nVVhZYR1Z2V2v1RtSCAk8XsXAGeh+Z4="}},"mmdT0u+VRxp0iRW9ymILECOjjORGUjGcQNnnFmqGEVc=":{"valueMac":{"type":"Buffer","data":"z83gwgxOk1SVKAhZcGwwYROMjdiHR6wo1UZb9JSdbhA="}},"m0QVpgLec+hM18ib7o4TSRMUfnUaUBdkP1OJw+X3cTE=":{"valueMac":{"type":"Buffer","data":"BGm/hlgc5QK7q/MDfbTuziNOR0FlNMKfnG3blxDOER4="}},"m8vV2ZKYr76N/VTlYFc4+XCUP3enN2rk2knVi9JGRjo=":{"valueMac":{"type":"Buffer","data":"k+wURbdWFH5fIbLAtYj2Q/6OKWQ4AZAMOWeu/LUDVh8="}},"nb6DWcRhZCJcLYyNsqnCfDpo1xDrQtAHutlZkJWiW9Q=":{"valueMac":{"type":"Buffer","data":"at5sPtInCGzgj55AeQO0NSMVX0kZYTSsqW8KW+huYmI="}},"nm41PgEEXRCl8xheQPEkk3C7/om1ZPOa/cxtFUsPyF4=":{"valueMac":{"type":"Buffer","data":"uSiDDbG2fUf0q6YdvdjGSHDJoFchOLCKgPjJ144fTZ8="}},"n0CBOPmjG4PZgJcJNJGLPhKGB6/fdc/XB0x2Ah65HRE=":{"valueMac":{"type":"Buffer","data":"lKrQL62EQ/93EiforPT/qg7D1PM8XLyycp/EEYHPaoM="}},"n+aUms/e9+AIt/G9X0bBrd8KDgnilFnXSfD+xt3Jsso=":{"valueMac":{"type":"Buffer","data":"C4au9Pa75XSP/jrf76tfBRPacA8eTC0tnAyIUi7gbgo="}},"oHQTjkL3opk5vzlwtFnsjP7/5DSTZSGssqsljSEttaI=":{"valueMac":{"type":"Buffer","data":"21hfJMob9dhpuAxcGABb+WUqsn8Cb8AD28Ym3KFu0mw="}},"oL1l6OtT0yziL3mItJrXckWP8Kwk9b/LxVwmnCYftvA=":{"valueMac":{"type":"Buffer","data":"gIFE0HFy/N/mrGULCFF67tNBwUWM54kyLVrhZrbtbbw="}},"oMOnamcOBBRhuxC665l2QAs91tlBiTDbY7eDhy0GeAU=":{"valueMac":{"type":"Buffer","data":"/B7q+vAiw9W3crOxPpPWUybHDIxxBN+M8dtqkdMQeIs="}},"oZP1GMPGjEGaUVxq5YL0NtGFofJAZEbCIDvDj3TCFQA=":{"valueMac":{"type":"Buffer","data":"An4SgnvloPNxwmnv90Km7SkcPIkJ1UI+iYQF39Mr6no="}},"op9aGR2gP7N5tAWXdzMc4+PLGVGMjz2lwbY/vdo9LZQ=":{"valueMac":{"type":"Buffer","data":"54zqw+mqfo7ONR7fi+GsJy5ftrCfcqJDcStemjxktyA="}},"op+a1X4QEHcKTJibEA8sTEbGGxiqLCTnxt81i1b4cak=":{"valueMac":{"type":"Buffer","data":"LilipDfzr/JNgpZ61+E0ShCWkO/xFHuUJu7EAlYO6NY="}},"oxL1dUnd7HpR5TGHVUlXDCcfHO/nV9xdmDeJ61GtGws=":{"valueMac":{"type":"Buffer","data":"9fTVq22F9+9PReM3gkBKuz2flDfynQgcsjzbQ7vkDhE="}},"pIuBZZxd8CsacClKAMVJEUH6alASMtRehN5jXu6Pzrk=":{"valueMac":{"type":"Buffer","data":"NOkt5mS5vzeFuhOXTWVQf7/H7SBT3TWYeILiPXIrZ4Q="}},"pMNroW3/gNskNH+M31VVm/NRGqOd/yIQrbYb9ju7VXM=":{"valueMac":{"type":"Buffer","data":"RR31x3o0iOhHS/tpPNL+z3Sse3F3QWsJoqqOmX5sc7c="}},"pQw4uUGC82jsW/85sXPj07zeJdGAnWZuyIOK5VhDbUE=":{"valueMac":{"type":"Buffer","data":"SC12XBE0HQ3kVWGvVdCg0A/HF9EkoDLgQy8Kjwg41KM="}},"pYqJyZY66h2T9EqxdYFV8p56u239KzFyYKcWwLujcuc=":{"valueMac":{"type":"Buffer","data":"jI9NLP2t+ZlO/60Mh5zAusjGbWC3vGL/kA61TDNR7a4="}},"po2k4Z9vAW5g6kmr5FskqUl9SSpgAkBaDLb5um98Fms=":{"valueMac":{"type":"Buffer","data":"KiIRklEmtB33We8QRkODn5w0zSjD5ZiCInTUWRL3bfo="}},"ptiaSgizg1CPQgt0ydVYP1hBXyKJde8qHz5z5MWKlbM=":{"valueMac":{"type":"Buffer","data":"1osPFXYy0mnr/q8fd9Uj81osgdp03mxUclsL4N2xt/o="}},"pxshxfgWe89/Lf2pERdf8mOLy9Aj0HlhlIl4gAWWuNA=":{"valueMac":{"type":"Buffer","data":"Fo0sdtZBnVgenCfpTCP9MPaenSZz7WoWZ1ZtuTHePE4="}},"qBdi6uVDOYJEeSkoG8S4GG1FvHvcMcghCXjh8lNmE34=":{"valueMac":{"type":"Buffer","data":"Ohy5qVZaDDojTeCC0t2YMGptOqGO1lfHotHdvp785E0="}},"qKoA5MRiho2ano7fqa6DoocutdUiguW35/PHs9ohfy0=":{"valueMac":{"type":"Buffer","data":"Wh8OoiTtRxXnF9IQoFHoN7CPp6Oe20U99JIGZyMXmHw="}},"qXaBojleZs8AeMhE9mB+jag8TZORfRud5uLtEAFc1JM=":{"valueMac":{"type":"Buffer","data":"54NG2UhAfw3Gm4K17XqektyggKrRYxJRD/h/AtsF3Vc="}},"qXcKOoTY2oQr0H8C/Yu6lpthaicV0ptSOgsCvvRNDQE=":{"valueMac":{"type":"Buffer","data":"jaK024HYKzCTrmz1+9p1mchJaaBaQf7MreKkRIJinUk="}},"rC/c1GKwrEdaqOck8HoDTGYh8Bun73kh7VOZdLB4CeI=":{"valueMac":{"type":"Buffer","data":"YqysBoAHklLvR1YWjrTM2zfnIDt0jLGP1fxNE+WDerY="}},"rUvrj/Mld4Fdnt3HSdHa/ksrdwJY+YuvAdidtksf6yY=":{"valueMac":{"type":"Buffer","data":"5wi11TGQd6CktSAwYwQ+w9wCoI+9O2SF7iXQmkIx7SM="}},"rboZy9JgNNdiS5OZTy5eaWg/72emO8PUdPgmSX0LgjU=":{"valueMac":{"type":"Buffer","data":"UwwUrCHBtA8kUfHr0dGGgpn2VOygPGdQxg/Ub6/gsLA="}},"rrtFmVo+shgI3W7uBpHVS9wlGbWMPa9TycOABHkawxI=":{"valueMac":{"type":"Buffer","data":"J2FaFPDrg9pKS4vALvaMPTCMkiVpaZ8+Bsc+dwq2eUQ="}},"r22ooEJIhj7byfXzae0Q19OT9dOA1zXirU9eXxHrdyk=":{"valueMac":{"type":"Buffer","data":"cZRSe/9QA2LST2EqnrB9A5qw+VYPhhN/I1lMGi/IiqI="}},"r3E4hmoiOvQKalt5Vnl7ko06UgEtyidWscRZzkIqlsY=":{"valueMac":{"type":"Buffer","data":"FRWeRc2eck7nH2+pms7pUNNFg+n9KOMtsPml1wT1sVE="}},"r9jT6E5Ik5o+/2jF/UhM0EoRD7TfgSWnM283reEqX3o=":{"valueMac":{"type":"Buffer","data":"nt43+vob1VC9fmzTzsDncyW5lE4K3jC/xYrr0s6MCzQ="}},"sJz7DUsXRm52djXcWuIU7SSZxKHiF6XuHWh7xF11QmE=":{"valueMac":{"type":"Buffer","data":"7UsJCuZCYdcSPkLn7QbSgZ7yWob28yWMdc8JNtTiy1c="}},"sj7a+7j8mPoW4f0sDCwT9WQdts7WLejAQ211dFLh8hc=":{"valueMac":{"type":"Buffer","data":"M69FMOEiU7NtkrUy9WGSWECsiI/bnmBU+HXcySksFBo="}},"sl/ty1z+J97RaenuKXPIDxt9aqG4ii5e/AKSCdwvYTA=":{"valueMac":{"type":"Buffer","data":"POBSNTd104Wga4Vb4WytqYy2GfXnminIpl8MRxDEy3o="}},"spj+sUcjAhZs7N9yzxwIIvLIYcn1jk+Y8Ia/saGwadw=":{"valueMac":{"type":"Buffer","data":"75C4rVZOhzAZL9hvEzSEspY49WaJEwBTzy+ji/9mg/Y="}},"tX/UWqPhgnq1qyOmYmLlleFANfZ3lCSR6xta29Nxryw=":{"valueMac":{"type":"Buffer","data":"v2dLh0r/w8sopApB2mxxLpzhLmltcEJHd1zJ1io71Vo="}},"tYtR7ftOpHpVAai6/KUJ2FqI1MNYYngynt16AUGz+J4=":{"valueMac":{"type":"Buffer","data":"Yox1rQDrPH3OdvcJ0mSBH4cGOXOBgvoP6m9mtlhm0so="}},"tngBAsCbwZcH58SqRnIHmS+yX9NnNWmfT2UKsOQlQ+s=":{"valueMac":{"type":"Buffer","data":"hzgjnM1TgUUeHL+P1xllnhaIBH4jMywxtwtZST2cYnI="}},"tyjLYSNgdjXn+HIEmQnzpLhes8FPP3P4QM8jo/NHtxY=":{"valueMac":{"type":"Buffer","data":"US8ycugftm+FOsjgshZSwpH74VR+6cgxxEUaghHyILE="}},"tz4PQvCSVI4yxhr0gTSE1TgUBQNawmjxg/aAqUngcyI=":{"valueMac":{"type":"Buffer","data":"nslUijBnBPeTcuy9tMpIbq9/YUVeI4XkRQHfAoUbrUc="}},"t18lBE+5KHCe0v9bao/egoQqZRqgQJYAlXmNwmX8GnA=":{"valueMac":{"type":"Buffer","data":"dnK4Ni533buji0DzxydwJdSjUE7802FRg1+5S+pB9oY="}},"uKN0h8T88jtVgDDESyYRaKfxJIzT49+/8QUKGSF3+a8=":{"valueMac":{"type":"Buffer","data":"9J3doa1Z9PZ+mJPoUFJiQ9i4iMw6UllJHR7rPBWD4QY="}},"uKW6UiMbjAlSHnt6E3AA8dssrfr4xyUN/EZL76pL3eI=":{"valueMac":{"type":"Buffer","data":"+HfCL7kh5XLIB2LUI3ZTwIlpXnBjAoorl7YUNF62Xqc="}},"uRLMafSX529hyHshACuOevv2LxVDR142WBLw7o9Rji4=":{"valueMac":{"type":"Buffer","data":"KT1LYSzAj9uHCLY7KnUHfW4akz8fc4G28DTYmKwkNCU="}},"uYdv3L551OGFkQ49CTJeCAbGU1oxnSrrBgFQdBN0ZRk=":{"valueMac":{"type":"Buffer","data":"Zdv9jc7Fj7yFnzeiz4nGpbQnC5iP4vMU3mFZrE+uEgk="}},"ulc2YjgN8CJxfBEG381YhK/DtUWolwcAFzSuAfdGiJA=":{"valueMac":{"type":"Buffer","data":"aKo79fK5chrEY97rRO8xtnoMTYNNIOWOYaL6zrHdmaA="}},"uthKrD4VdHbGAecs7rDfDacGf3tn91RcQPThKqNa2c4=":{"valueMac":{"type":"Buffer","data":"LXzh1tjjEXdSb+3GRQBT8hjX6fUGsTS6633AjGnq7Yw="}},"u671kQ/sDsa9IJzQxy8S09qfy5g72cn8TowTK7ZIMGw=":{"valueMac":{"type":"Buffer","data":"BmL1tkhSogfkd6O4qBZyqbh/g+CDlPqzVdGEMuKPzRA="}},"u9cOjXgfqyexjF+sIwJaOVYJh5lHqlJJdNvcYxKuOv0=":{"valueMac":{"type":"Buffer","data":"HLNofymhEFFT+6U7ot/dhPFD16YHAawrt2kj3qB8/zQ="}},"vCt0Jr2A+fElcvJC0ytKTeBf5KwzdE9uH3+f1ATZEOQ=":{"valueMac":{"type":"Buffer","data":"x7/aBCkcfddJqhIEQ/tuBYlqAlI7A4QJcrQWy5/DBEk="}},"vbv+1OEHZgoFZML1s7wR7HZP6idMWlfH3hwL+kPhotk=":{"valueMac":{"type":"Buffer","data":"LS7/GN3SGhP0uxPGXjWcVRs98rbcVJU3Y0/8nDnz+T4="}},"vugMpdsS6ibEL4Axp5DTJiF629dk7akF38whBeVOCTY=":{"valueMac":{"type":"Buffer","data":"IPYSGG2eq0jESMmDHM3QDrYMK240fgwdlDVMccrNr8c="}},"v8coNwr0MIGtTVu187oJun2mOPz7suNqu7Uou0Dki/w=":{"valueMac":{"type":"Buffer","data":"chGpZ4xR1n/o5nUGJRjnQLDQ1tFW7rfUlGU0sx2YH0c="}},"v86xADCi71p+Ia1Hm/r9/ZC2J5SuIrcvrDJPapeMB08=":{"valueMac":{"type":"Buffer","data":"FCi5k8Y+iz90G2nnTczl1MbSqjna5aDynFLIlL2arvY="}},"wKLA1szCri8ZeBXY6yDg1q0ArQrSXmeuHrEMN4VoK1o=":{"valueMac":{"type":"Buffer","data":"IigiuHp+vnnDli7p/LEtAfd+IK1d6GfoCzDN9YfKHi4="}},"wRFyU8Iet0V5RBH5yUqVjdBN4jGpRiAGJBfg7rUINLY=":{"valueMac":{"type":"Buffer","data":"HL5+OHp/t/ybHdfAmCEWOhMiObz/oeSItrlBeX7mcI8="}},"wTzExiM+vVdccsLGw2LIYqAFmncGjo+Ao2PIpvC/ldc=":{"valueMac":{"type":"Buffer","data":"V2bgg3Oebnz+fbpN2It/2YDJDgPBksNOaBMsW19N5h4="}},"wV+C0ZRbEf/ihZ0k/yxxaZevplx0s0lnz2uBS80OlSc=":{"valueMac":{"type":"Buffer","data":"po/9CBNCbrTAJhqO1Pr2JR26q4pIy+rZIXqE6yYIH2E="}},"wek/LYCHhhhT5HKPjsX5xexj2souZBoTsmXyj/sXMvI=":{"valueMac":{"type":"Buffer","data":"mNowzuQsHOBuVVFHuYdT9m5RFtSl0yP98sNEIOGmK/I="}},"wfeXeQSDky6OZzVcFlhKdDfsWC/CAhbmsTlGYxE5+TA=":{"valueMac":{"type":"Buffer","data":"zB8lXiChO3B6FFhCPeMi5bhkhNJJeaiFKBqJA80/bQ0="}},"wllPDD2MVO3embJDrRerrq/hAdI+NRWq8qcX7XzaLpo=":{"valueMac":{"type":"Buffer","data":"IKCYCkkpuRPY8RPA7Uqlcrhvuzh9cbfvVFqt6wEcjk4="}},"wmI8f/d1HRp6Gt+nSQK+isk1nFr0tghyuvHbgaLZors=":{"valueMac":{"type":"Buffer","data":"oeR0JQAQxAuClyUG+ZpxXpeBTrbr3V1pUnIiYjEF62U="}},"wqJwsf4LJxSKtPEyqqFhXaNSk4tnmPISmH5tqQCCF/0=":{"valueMac":{"type":"Buffer","data":"qHU+vwhbJOT9cOIWKNbMg7FHAj+vFidUwVc192rBpDY="}},"wtDjY6PRtzWh2K/oYaoHE+2zv8z0qYidcWicccdep2s=":{"valueMac":{"type":"Buffer","data":"qkM6gA074A0pr9qxeSfzLGP3OfUb4GBNMnArGTi2Xjc="}},"w4hncbR5hYPp1up22dPKaxZPFXGb5Xhz65apwM2/vJs=":{"valueMac":{"type":"Buffer","data":"B4+QnCFAG+APaHKaoXeNXf79ZEXOuXpUUBG6+/8IlO4="}},"xE5L7KlDW3/WY8lG9Lzweu7Xp9BwrCDmC99mVVlNrSM=":{"valueMac":{"type":"Buffer","data":"DsYieZmCb9VQ99xAj+CMCZEZIelyHjlOp5r/G8wpBG8="}},"xnC2mB8R18tjCHeARz6WYGlQobXD/332wD9ZxcBOMS0=":{"valueMac":{"type":"Buffer","data":"O0i/b8/ff6vm6dqeXzvFoAe9ldDqbyadXqT1KM2D7IQ="}},"xnGsTvAVt1fi2ohqMZ8HLpSWS5njA8hSuUyorc9Btss=":{"valueMac":{"type":"Buffer","data":"lIV1k9rKn4faQYAn6HA37UzjubZU7AWMqv7duNQEjh8="}},"yDj7SdI+U/4efli0U6yI4x61Q+IJnNqJ3jjx8e3YIF0=":{"valueMac":{"type":"Buffer","data":"kdu02h7pOd9l3XRpA41qZruFSK33doUK/iRN1ckV1n0="}},"yEDLgjNbxyNHyLSBqWj9tN5UJjesaiJX26BbVLt1HzY=":{"valueMac":{"type":"Buffer","data":"7UzlYXmHFFtaehzkrsjw5znUhN+dejzdJb9qLt5XBS8="}},"yGygYqyJA+QQEvnt4LG7NPT/ZlunptjLKpDFxhTsbGA=":{"valueMac":{"type":"Buffer","data":"dxpVAMH38t5sGgQpA7jZNs+hsXrpHtU5xE1yeDNWXL0="}},"yfGXP3KdSJwYZ7IQN4jh6rzaLWz22H5657TAEV5k+l0=":{"valueMac":{"type":"Buffer","data":"h530jeQgXtwqVrg5apRUzNnMMXPTVjFov3rQRvoKqC8="}},"yvOgf+Wwy7zFizQTKlA3wmnh2xYabF1GsSCKcpfjU6o=":{"valueMac":{"type":"Buffer","data":"o+fQEWbUH3dKH4M9SB+MJOZ42Yru7mL30aDoO/lii3w="}},"y7/edQhVIiXYVDOWLOWDbZtNe6FFgzQmYRoS5yXut+s=":{"valueMac":{"type":"Buffer","data":"lYFH6F+9T/2jcfdZzccsC8jbKP85lfdBch+ZORPDyK0="}},"zk6twLWwNoEEz67vmIZsrHgcSyM4BZdt2a5ER8DViZ0=":{"valueMac":{"type":"Buffer","data":"sHDPPDSskug4Nw6y3ubr2QDZwvzrEaYjcnsa4Ofr98s="}},"zohKOflBM4DjWEOwJ+FWXHRfSvQ3dhJ5uAkEB3Uoas4=":{"valueMac":{"type":"Buffer","data":"gvZzC0x2X+xsnmy89jnoQTh2dPaoKeCTPXvDq0b4OwE="}},"z0yDPsxgr168cLxEkILkUY89WrsQBWRy3HVzutfTong=":{"valueMac":{"type":"Buffer","data":"hlVR6s5mq595V04wmuoJ733Bd3aoCtEkTd2uH3Fdqq0="}},"z2WOptj6HEGAR3TveiwqZkWUuT1iwEvaOJH8S/4/lGU=":{"valueMac":{"type":"Buffer","data":"SxSFZK17ZhS/Kogkxyq72e8FOCOUYsnsCUiAZq+x5OM="}},"0R26nbLg4Cwiaj8Z6vGh30TS3f1YdI+A7RtGSlBXyPg=":{"valueMac":{"type":"Buffer","data":"YrLlNu2O35hhe2YdvRHeRiD+xq7Ke4Q+To0FL153pA4="}},"0gw4ooC94ih/ZHSg7qIHzuvFNK4JXKtBNDrx8NLo644=":{"valueMac":{"type":"Buffer","data":"5A3jiuRKZowP9aMpiAzLrHko3MIfPXegVyC2p4EZJiA="}},"0ighkx72NbFUu1chRsOOLOlmcxAnRjYWs2O/ffppDtg=":{"valueMac":{"type":"Buffer","data":"z3YI9w0q3vpImDn8O7uff7B1P0pCgt6axEtqWaE6jMI="}},"0lfvgmgvXHEJ9I5pP3ps9aT8Pw/go/qA8fXe9TitYOU=":{"valueMac":{"type":"Buffer","data":"4BJBDOObzfFuh81DuY7nD3aLRK62uxmXkcAZv5cUs+o="}},"01v/szpuKWnbHgmkbjpcjPptksHOtyRTfNwLx6aMs5M=":{"valueMac":{"type":"Buffer","data":"f+sBX8/pxxj5EJU5Krz7+MrbVWu4Y+BtflqVlqQLrGk="}},"063Rx3am4HmN6Ry0R1VC+CIV0O4etexTNvgT09c4nL8=":{"valueMac":{"type":"Buffer","data":"TawknSG7WzD0ha29lOE1HhXQSgTWJygADGX0fNe9V7k="}},"1IMWSfHQ1l8EX6p8zvFI5NfF+mGDGi46kuH6Ha++1lA=":{"valueMac":{"type":"Buffer","data":"UK3zoQsQrYxjvdxGuS6HHJGnitB48v8pdl6mgUKkjkY="}},"1NqzKT+l6FQB3cge25IBaXuJ5elkNIi6ciPdXyBSJjY=":{"valueMac":{"type":"Buffer","data":"LChmXY9f3zEl8HafwXVpBfkqjT6e9yfv0UX7RuXV6vQ="}},"2AoiaQ0phkHAnV3ihFb7gsoNo2ARGpI7XUIpunqm0dc=":{"valueMac":{"type":"Buffer","data":"b9j+x2kVlMUECIiLto9BHxOOb04GJqqBo/z5vE0QE4o="}},"2jyR5Anb5UAuEr61MSn6pbGCT1VReMee7N2r5cLZOH8=":{"valueMac":{"type":"Buffer","data":"6iLWqU1/ESsqzi12Rio+xhuE995UjxSoyCu7CjbCmNs="}},"2tM1MjSMN10FaFscTKP9sV9y41txp2U8BV4oo/ZDccg=":{"valueMac":{"type":"Buffer","data":"defTBVgJMySFYLFers8HbaHlAE2UxZcOKKen6snOwXo="}},"2u3OjZVZh31FOEpF5EkFVJDopDpgp5sqbivpzBlMyNo=":{"valueMac":{"type":"Buffer","data":"QjOToXMI4juVM2xGUl2EA0TJAXOhQ8ueZgWBiIfiE7U="}},"2wScZjc6K6kxEzFDtqmzTgFQNVimLDwPJrJn06V+1RU=":{"valueMac":{"type":"Buffer","data":"mlheFXW3elCg8QrgBR/RNJjLQC6yj/fsTAe4ceI0a/I="}},"2yxgYFDWoOgktU9Lj/zsqPldznNnu2afdFYe0fp89Kg=":{"valueMac":{"type":"Buffer","data":"QHhbPmfXhsRie8RVNq/IQkXw8oxG+Rkbt4O7zQQ+kaY="}},"29wNXzAAq4Inb0EYGZxAjJWU+fxXPMf0qyk7WUihO0s=":{"valueMac":{"type":"Buffer","data":"9mFCLF8aQSWVmn9CXadHg9FPK4sueqhgy3wej1t7uQ0="}},"2+1MEAwDNeFkZR1qf2mm1RMr6Id03ReXfdzzz1qDW8w=":{"valueMac":{"type":"Buffer","data":"di1bxBfhpAFSEzQpKMcIDS5aKb3dmibc8A/1GdvpUh0="}},"3GMhKsPSAwsoG4+Qs0G0eCk0XcbSylrrUxLfL507kGs=":{"valueMac":{"type":"Buffer","data":"3Drhc0Yav9kX9n6lNHeEAIZn9vhN+qOpAPbpm70w9FE="}},"3I39nsMW+LQkwRhHCdAMxkxYRnQvuvCDsvNRLUPh7ZI=":{"valueMac":{"type":"Buffer","data":"/tUiz9Ae4q1GB6KSBKDmE8F68jmPKONnfjzLefT28Rk="}},"386qV84A+YxMqquiMImwwUpZo+QqgB4PVYwcEuBoB6s=":{"valueMac":{"type":"Buffer","data":"/fapsKw6Tr5K3s1c34XQIsFZSQ5zS0CTP8z0h6SwnQQ="}},"4CWkb2qmqoLfrt042aI2cpBTrWHSXkOQS282VC5nV9Q=":{"valueMac":{"type":"Buffer","data":"txcvk8pr7taGwbo+Regolfft4GadXAu7/XPD2QEFEXA="}},"4HelZqOj6NcXlQH+fTbi6nXAoqI2z+vLxOYV8HsZclM=":{"valueMac":{"type":"Buffer","data":"G2vSbO/WuLaINc0+pjr3nQJrTwmlztbIPH6zxNS3vXE="}},"4T1mdQ8a9hKcyS92rYyQ/rHAu6pDkjdd9gYktQ42E1E=":{"valueMac":{"type":"Buffer","data":"fmu9bzRXl5sYwb7EScMDafAXYnd4yNJ8qemKyKw+hic="}},"4fUVshxZneNGtP+Ow8tFYJL/j7lV7O+s89i6fpCELMU=":{"valueMac":{"type":"Buffer","data":"FkH8C3J+4aMlcl6/gaactbcGL/EMG3uPSfawW4fC+lo="}},"435qab2sXiLzF3FywdFMUugwmA0RXIUn4pcOHlKAfhE=":{"valueMac":{"type":"Buffer","data":"HgYRswKBd8FN+Wmdp6rim4asWu/nZLuDyFSjGa/6cUw="}},"5KTUsOdMyFaGx+00kLYG8HDEdqJu9HzDL1CifOctVlY=":{"valueMac":{"type":"Buffer","data":"KUgYbEwIYEDozMyEZa1jBQyHJY4P89NMxbvxkh59/CU="}},"5vK2VpT1DGwZG5TY7nl9HiFOwyq7v94CYyf1rbsI7xk=":{"valueMac":{"type":"Buffer","data":"0XsPrRG/WhYJtTCNnR51UlKBlN3s7p8Nh12HNleOEtk="}},"5wFkhiy2W8+aVYzCqf89zJjQuZnhOIZFewNXMsRm7gc=":{"valueMac":{"type":"Buffer","data":"gsMTk+XvJEtQx1kHD0dFPShKxd0bcnNcwgzMHiLSXqA="}},"6UsrpRy1LlwlyWSq1YsRfs66DOikz4ku1bgTxBcr3mo=":{"valueMac":{"type":"Buffer","data":"QFKZqgFJnqLCotFkpZPg5uSfXa5URHI51jSiA4IdGq4="}},"6m4xfuZmBSwxfIKhVDndPZCsrHktYLGqYi4voo8mVIc=":{"valueMac":{"type":"Buffer","data":"hH+/ZDrGoabRsVJWVSRJYfm6+A4i86nVuztnBuLhRlQ="}},"60mILchT833myMmqbtJe1oBHve0tUGEgkvFfCkX1AF4=":{"valueMac":{"type":"Buffer","data":"OqBQbY/EbmDbELFTLb3g2eOXGVyc9TdtIrwzhjkzlj4="}},"65EJU5CmVFLfFdeIR/a4VnnYx9dBCHmP7h0jHWXc5MA=":{"valueMac":{"type":"Buffer","data":"KMl8Z2Tx16lLZW1LEtbjYOspZvUmwuFg7/Ia6YFBAgQ="}},"69QExdTIM9bBBRArDNvVkQZawHWQuy/klS2JEdkizrc=":{"valueMac":{"type":"Buffer","data":"6hypc+NcTGMqBQj4Q6ZWJNvgfWAsqYbwop4vM5WWpZ4="}},"7FQwKe8qAtRKHHQV3oZy2OWPBX3VuMGdKClgaomdXVE=":{"valueMac":{"type":"Buffer","data":"JDEmQvdh39ihH8qvrjLO6i5hpkXaVONoRq49uVEtFHY="}},"7L2QL0xHqR/cnjky964+Erh0x44oRgqZLBBcML2rd7E=":{"valueMac":{"type":"Buffer","data":"0zLKBqkQPPlkBRP9TCNPtLL5D80+AnOynvsM3TrsYcU="}},"7NZ6HeoqM1aTzCFt9yLfuqoJWFm8eq2IAS+ysEqjDYM=":{"valueMac":{"type":"Buffer","data":"wNUctAKrAW5/NVIJDTTDSsL5C/meX+UNMRq4KfFmLf8="}},"7ikkV0gl0QcgdKjAUScUAF+NNkSOfiMGYZhI8Zpn++k=":{"valueMac":{"type":"Buffer","data":"T+k9CjepKw7L30g8jjYxFR8HLYwl7W6CDGL7kRgXuRg="}},"71AJXj/HUIarGv/9lKoN74eAn6tJAhhIfzBT33NB8mM=":{"valueMac":{"type":"Buffer","data":"iLsXHjS7xUC51RqeAJ3tKDuM0IUmxwzrFoeV03tJj9g="}},"71PIE+kbXJa7Tn9EaUmV8IPpBl55SQpQ8BF2TXZZb0Y=":{"valueMac":{"type":"Buffer","data":"BYbWBVYN9ZZumg+dWAykL5BOpVsbOBqUuyWDVVfie8A="}},"75frfwbTP/R5TttM+6ailGzxVhKhyK7CCukQU0aLqX4=":{"valueMac":{"type":"Buffer","data":"Zlr6m2ob2Y/3kJgJbbuQTjE5JEYEB7Ez1nCs8JLarf0="}},"8DX5YOCN6I4qcadLIT9nY5+4Ga/fWBvSiCpOHu9Ma50=":{"valueMac":{"type":"Buffer","data":"NNiYgFB4GIUYmLQLS5FWP7DSPjTmH6eZQFmxdVxdKng="}},"8PhHsFQKg/9FIcympM73DMRCbrwbsGRfxtzhPnKhDJs=":{"valueMac":{"type":"Buffer","data":"yetaqj8bZ/JcCz5HvUQsQNmULq5p2vf6q4HFKIIHPaU="}},"8RGxIgc0vRc3cZVfqNz6HQna37QWL+jArZTs3+j/o0g=":{"valueMac":{"type":"Buffer","data":"foF3je6PnhbBjtXyOze5LU1IxGcE2KJq+SRsci0p5Jw="}},"8UeBjAqup+mtwbmiLQOkL/+7MUpsowvXTsD53zZHPsI=":{"valueMac":{"type":"Buffer","data":"DIxJqIMKi1Sr2C60J37W+DN6DfD/cTQyTTXWQqoV6tg="}},"8U2LuGHUco7o/z+Z6aPP/BVQFFM9F5QdwvHJGLPsqjc=":{"valueMac":{"type":"Buffer","data":"u5A54g1sWwFe20SMNtsXpdRkJw9LEv8jLbja6avp4mw="}},"8V2dCPJV3kx9xZkCiZLl+/PXmwXmzAp3lwzo1r43prM=":{"valueMac":{"type":"Buffer","data":"s3RDknP8DbdmKANGObUQr/71ltl6fB6hbc8SK1m2qAU="}},"8hh0FfOfl8HzD8quneSjeHUMskLBfnQtMRkAZUM7PfU=":{"valueMac":{"type":"Buffer","data":"i8PM6LhfzOR8tujSnY6ywF6x8MjBzdi992SqFeSWrxE="}},"8oU5w8y24gjkm1uH8xd3seiG5VZpNwoUNlv+8++uOQ4=":{"valueMac":{"type":"Buffer","data":"tuypDCZiRusobxy5BAXcB8d3vJJGSEiNKFLaLjMnG5I="}},"8yjOFzv7qY2UOz796UmW3yT5io+y+VExCf+qsbB5Kt4=":{"valueMac":{"type":"Buffer","data":"OQPeK83glPTs1Xm6LQon1Bb07SQvNP6maLbXDso4Ua4="}},"9KPBvjTdqlbbElbwM3kK3QfhEotx6ZMLy52blszWoJU=":{"valueMac":{"type":"Buffer","data":"281frAUSHtBIDQfLCl8ZBl7+Jzzr1mvqOA+n6r7Pes0="}},"9kWfpzowg6ugdkz75UvOv1MfffHfWb6EBYCk5dAQTMk=":{"valueMac":{"type":"Buffer","data":"if9spxXaursIu4b4N6ycz+8nto9G1CyG/Pmlsb/mfPg="}},"9sXdS4RvVEY3fDnZeOmEvTqfcUD/yHpgKfF1NlU/EX0=":{"valueMac":{"type":"Buffer","data":"dOZh50YPEa4jdPTED9Hc1d5kYjUxCOiUmC3bKdF2R8s="}},"9xSfA+efXaKJtfxF7Ch091Z9AC59SsG9j2DR7mHKVVM=":{"valueMac":{"type":"Buffer","data":"HX64aC+JjkQVGby4fJ7rEff4PRYZbuGHoaZu9YCSL+A="}},"+BsdFeZJx6QkCjFBdhrWbeexeyPpOKoyK4lj/Z1rzkY=":{"valueMac":{"type":"Buffer","data":"soEBaXmuhqisDFajkHO6CtBR5JiUFZDzyKO945pMAlo="}},"+R4k0gvAP4DosQk7C1lXyuai3gWAkVZRt8FRMjkC2nU=":{"valueMac":{"type":"Buffer","data":"VCZkfh7ilTpA0BUKap68X5BIa/J6Yla8qBvaNOs19UI="}},"+T3/pg9aFHLgj5RnSfbTSAQugcvWJViagaMB+RhVSSw=":{"valueMac":{"type":"Buffer","data":"RmEcXLBlLPsyuW72hFbQUEEUWv5djbezfEEmM3f7SBw="}},"+cf+8eaeXFoSZpcGsl7Ow2R6yepxFWdrsVLAI5g1gmA=":{"valueMac":{"type":"Buffer","data":"9yFeMZGfhEep2vuoBfdHCy2nFcf+Vab2I710EyIxWgw="}},"+f0kD2vv+c8tBOryPZBhYYtMLcVhARhMNE4euGesDiQ=":{"valueMac":{"type":"Buffer","data":"UNjzJVfE54BetDePFyg5FGOlGGqpfDN0++y51QB/DeQ="}},"+hOz9MYcjnPaEbnwYYhR89VSDJ+GArxsQQLvemZdOXk=":{"valueMac":{"type":"Buffer","data":"MI1jPrHPOViogwEiVVek4d4SPP/2DszOPfCvWpXvAFU="}},"+mLC6Y5thjXBuTuxwl0mepIIKt7ZTKshc97j5Encg2s=":{"valueMac":{"type":"Buffer","data":"Iutrm/mxGw0/QDc+dRCMX83UQ8N8jJJYXKjaVM+AH1w="}},"+rpeIj6A0wzBzq7Iz+9CxUfUTVYJn0F2M3ZVkoVCjS4=":{"valueMac":{"type":"Buffer","data":"hePaxF/4xR1hCIDLDm95bWOxJ3tRv1EaC/Uge/W4Zfw="}},"+269RbZnMlL/XIbJSwLYxWnXThbn2qxFw7y9Q+WrJnI=":{"valueMac":{"type":"Buffer","data":"37K0PY4xLrDnEne3ib/Aqj1gSxOdSWxOFWpAWqTYAgY="}},"+51VtrcfJ3V/+encIVmG5zeqccn/g2A+gqY/0ZMuUHo=":{"valueMac":{"type":"Buffer","data":"YmkJyNP0JuQJCm3B9ERJ8xdObWufkLtAgtc0MgaJ4OE="}},"+6ypl12WqGt08KoOO/og2ZhWMzUO8EOWNW9zaOX4R64=":{"valueMac":{"type":"Buffer","data":"TnS1gisSCovEUm98RAfcqXJTP/tfwO+kwVCRX7yqGNU="}},"/ATvTnh1Lu/bQeLDpGuS2pJfTM+j94rGsMw4ZsuOLRA=":{"valueMac":{"type":"Buffer","data":"1oHds9H/y6j2rs+PYrBVg9UCwjnskXu5Ujqp2N8LS3k="}},"/OHZ0qf77dC5T51reIokzxKzGZiFHFCU8uaD00guB7o=":{"valueMac":{"type":"Buffer","data":"705qOVC9UaAFCSZdBDkPkd+aXNq/E238JJZrmeeviaM="}},"/VTZyThJ+uFIuKW+8X6RRDDVVj05c+PHtxtDvPVqguI=":{"valueMac":{"type":"Buffer","data":"LqV9NEBHpk7dBTXSRu8dOdUSgJj9b2HO4J1TNzHjHZ0="}},"/V7YuZmeHx8/QoJG0dSAjml14BTry/COsyzrO8Pcs6U=":{"valueMac":{"type":"Buffer","data":"fDgbz056x2GkudGIv7BdEZbRJbuhrxr1+/0/jYf9rGQ="}},"/gsed2YxDHguHrPHOw4i9Nk4FOrJKDEx1f5cTFd/RL4=":{"valueMac":{"type":"Buffer","data":"ZdJxCfC/dLhdY4LY4p+OtgWzrHJSV6ToDy2IOJAeFQg="}},"/s1qY085NmKYtdI07bi3godDWgeeMI9YurAEPqdFx7Q=":{"valueMac":{"type":"Buffer","data":"Nqw3uBzXXr6ST8KhzOZsL2Tukw2JpbmSRSr8JebuzBc="}},"/zmUTCF7SM8vUj4KhYz4RjJE8rjD7d/OZIhT96VqT+c=":{"valueMac":{"type":"Buffer","data":"9ouHZSzN56KY154lIvV6/U98ztWk894g3cdnhFhtid0="}},"VnDEmRic4qNGa2LqB1Ks8ewym3Tz1+6Ai7r4zujW5IM=":{"valueMac":{"type":"Buffer","data":"w7Jd1VjSpNNjtfrt/hFVRiLFOlbFd7sCwZyQJOOcKI4="}},"wFNlJZFbccEM/IKDdTMpVFWGRpcj5sfzcRF8ZPhmaJk=":{"valueMac":{"type":"Buffer","data":"uzTx5nNYJPR+lILjS/cxeUbBuRigSJlUW2oAlfkq89Y="}}}}